target_date,post_number,content,content_type,scheduled_time
2025-07-22,1,"知らないと損する{topic}の真実

多くの人が勘違いしていること：
❌ {misconception}
✅ 正解：{truth}

実際に試してみると{result}でした。

#効率化 #豆知識 #なるほど",educational,2025-07-22T08:00:00
2025-07-22,6,"【1時間で習得】副業準備入門

初心者が最初に覚えるべきは：
✅ 基本概念を理解する
✅ 実践的な手順を覚える
✅ 継続的な改善を行う

これだけで確実に成果を出すできます。

詳しい手順はコメントで質問してください📝

#効率化 #学び #スキルアップ",educational,2025-07-22T08:00:00
2025-07-22,2,"これ見て震えた...

副業年収500万円の人が急増中

調べてみたら本当でした😨

特にその理由と具体的データは衝撃的。

皆さんはどう思いますか？

#衝撃事実 #衝撃 #マジで",viral,2025-07-22T12:00:00
2025-07-22,3,"知らないと損する{topic}の真実

多くの人が勘違いしていること：
❌ {misconception}
✅ 正解：{truth}

実際に試してみると{result}でした。

#効率化 #豆知識 #なるほど",educational,2025-07-22T19:00:00
2025-07-22,4,"これ見て震えた...

AI導入企業の収益が40%向上

調べてみたら本当でした😨

特にその理由と具体的データは衝撃的。

皆さんはどう思いますか？

#衝撃事実 #衝撃 #マジで",viral,2025-07-22T21:00:00
2025-07-22,5,"{question}

同じ悩みを持つ方、一緒に解決しませんか？

実は{solution_hint}があるんです。

詳しく知りたい方はDMください💌

#無料配布 #相談 #解決法",cta,2025-07-22T23:00:00
2025-07-23,1,"知らないと損する{topic}の真実

多くの人が勘違いしていること：
❌ {misconception}
✅ 正解：{truth}

実際に試してみると{result}でした。

#効率化 #豆知識 #なるほど",educational,2025-07-23T08:00:00
2025-07-23,6,"【1時間で習得】副業準備入門

初心者が最初に覚えるべきは：
✅ 基本概念を理解する
✅ 実践的な手順を覚える
✅ 継続的な改善を行う

これだけで確実に成果を出すできます。

詳しい手順はコメントで質問してください📝

#効率化 #学び #スキルアップ",educational,2025-07-23T08:00:00
2025-07-23,2,"これ見て震えた...

副業年収500万円の人が急増中

調べてみたら本当でした😨

特にその理由と具体的データは衝撃的。

皆さんはどう思いますか？

#衝撃事実 #衝撃 #マジで",viral,2025-07-23T12:00:00
2025-07-23,3,"知らないと損する{topic}の真実

多くの人が勘違いしていること：
❌ {misconception}
✅ 正解：{truth}

実際に試してみると{result}でした。

#効率化 #豆知識 #なるほど",educational,2025-07-23T19:00:00
2025-07-23,4,"これ見て震えた...

AI導入企業の収益が40%向上

調べてみたら本当でした😨

特にその理由と具体的データは衝撃的。

皆さんはどう思いますか？

#衝撃事実 #衝撃 #マジで",viral,2025-07-23T21:00:00
2025-07-23,5,"{question}

同じ悩みを持つ方、一緒に解決しませんか？

実は{solution_hint}があるんです。

詳しく知りたい方はDMください💌

#無料配布 #相談 #解決法",cta,2025-07-23T23:00:00
2025-07-24,1,"知らないと損する{topic}の真実

多くの人が勘違いしていること：
❌ {misconception}
✅ 正解：{truth}

実際に試してみると{result}でした。

#効率化 #豆知識 #なるほど",educational,2025-07-24T08:00:00
2025-07-24,6,"【1時間で習得】副業準備入門

初心者が最初に覚えるべきは：
✅ 基本概念を理解する
✅ 実践的な手順を覚える
✅ 継続的な改善を行う

これだけで確実に成果を出すできます。

詳しい手順はコメントで質問してください📝

#効率化 #学び #スキルアップ",educational,2025-07-24T08:00:00
2025-07-24,2,"これ見て震えた...

副業年収500万円の人が急増中

調べてみたら本当でした😨

特にその理由と具体的データは衝撃的。

皆さんはどう思いますか？

#衝撃事実 #衝撃 #マジで",viral,2025-07-24T12:00:00
2025-07-24,3,"知らないと損する{topic}の真実

多くの人が勘違いしていること：
❌ {misconception}
✅ 正解：{truth}

実際に試してみると{result}でした。

#効率化 #豆知識 #なるほど",educational,2025-07-24T19:00:00
2025-07-24,4,"これ見て震えた...

AI導入企業の収益が40%向上

調べてみたら本当でした😨

特にその理由と具体的データは衝撃的。

皆さんはどう思いますか？

#衝撃事実 #衝撃 #マジで",viral,2025-07-24T21:00:00
2025-07-24,5,"{question}

同じ悩みを持つ方、一緒に解決しませんか？

実は{solution_hint}があるんです。

詳しく知りたい方はDMください💌

#無料配布 #相談 #解決法",cta,2025-07-24T23:00:00
2025-07-25,1,"知らないと損する{topic}の真実

多くの人が勘違いしていること：
❌ {misconception}
✅ 正解：{truth}

実際に試してみると{result}でした。

#効率化 #豆知識 #なるほど",educational,2025-07-25T08:00:00
2025-07-25,6,"【1時間で習得】副業準備入門

初心者が最初に覚えるべきは：
✅ 基本概念を理解する
✅ 実践的な手順を覚える
✅ 継続的な改善を行う

これだけで確実に成果を出すできます。

詳しい手順はコメントで質問してください📝

#効率化 #学び #スキルアップ",educational,2025-07-25T08:00:00
2025-07-25,2,"これ見て震えた...

副業年収500万円の人が急増中

調べてみたら本当でした😨

特にその理由と具体的データは衝撃的。

皆さんはどう思いますか？

#衝撃事実 #衝撃 #マジで",viral,2025-07-25T12:00:00
2025-07-25,3,"知らないと損する{topic}の真実

多くの人が勘違いしていること：
❌ {misconception}
✅ 正解：{truth}

実際に試してみると{result}でした。

#効率化 #豆知識 #なるほど",educational,2025-07-25T19:00:00
2025-07-25,4,"これ見て震えた...

AI導入企業の収益が40%向上

調べてみたら本当でした😨

特にその理由と具体的データは衝撃的。

皆さんはどう思いますか？

#衝撃事実 #衝撃 #マジで",viral,2025-07-25T21:00:00
2025-07-25,5,"{question}

同じ悩みを持つ方、一緒に解決しませんか？

実は{solution_hint}があるんです。

詳しく知りたい方はDMください💌

#無料配布 #相談 #解決法",cta,2025-07-25T23:00:00
2025-07-26,1,"知らないと損する{topic}の真実

多くの人が勘違いしていること：
❌ {misconception}
✅ 正解：{truth}

実際に試してみると{result}でした。

#効率化 #豆知識 #なるほど",educational,2025-07-26T08:00:00
2025-07-26,6,"【1時間で習得】副業準備入門

初心者が最初に覚えるべきは：
✅ 基本概念を理解する
✅ 実践的な手順を覚える
✅ 継続的な改善を行う

これだけで確実に成果を出すできます。

詳しい手順はコメントで質問してください📝

#効率化 #学び #スキルアップ",educational,2025-07-26T08:00:00
2025-07-26,2,"これ見て震えた...

副業年収500万円の人が急増中

調べてみたら本当でした😨

特にその理由と具体的データは衝撃的。

皆さんはどう思いますか？

#衝撃事実 #衝撃 #マジで",viral,2025-07-26T12:00:00
2025-07-26,3,"知らないと損する{topic}の真実

多くの人が勘違いしていること：
❌ {misconception}
✅ 正解：{truth}

実際に試してみると{result}でした。

#効率化 #豆知識 #なるほど",educational,2025-07-26T19:00:00
2025-07-26,4,"これ見て震えた...

AI導入企業の収益が40%向上

調べてみたら本当でした😨

特にその理由と具体的データは衝撃的。

皆さんはどう思いますか？

#衝撃事実 #衝撃 #マジで",viral,2025-07-26T21:00:00
2025-07-26,5,"{question}

同じ悩みを持つ方、一緒に解決しませんか？

実は{solution_hint}があるんです。

詳しく知りたい方はDMください💌

#無料配布 #相談 #解決法",cta,2025-07-26T23:00:00
2025-07-27,1,"知らないと損する{topic}の真実

多くの人が勘違いしていること：
❌ {misconception}
✅ 正解：{truth}

実際に試してみると{result}でした。

#効率化 #豆知識 #なるほど",educational,2025-07-27T08:00:00
2025-07-27,6,"【1時間で習得】副業準備入門

初心者が最初に覚えるべきは：
✅ 基本概念を理解する
✅ 実践的な手順を覚える
✅ 継続的な改善を行う

これだけで確実に成果を出すできます。

詳しい手順はコメントで質問してください📝

#効率化 #学び #スキルアップ",educational,2025-07-27T08:00:00
2025-07-27,2,"これ見て震えた...

副業年収500万円の人が急増中

調べてみたら本当でした😨

特にその理由と具体的データは衝撃的。

皆さんはどう思いますか？

#衝撃事実 #衝撃 #マジで",viral,2025-07-27T12:00:00
2025-07-27,3,"知らないと損する{topic}の真実

多くの人が勘違いしていること：
❌ {misconception}
✅ 正解：{truth}

実際に試してみると{result}でした。

#効率化 #豆知識 #なるほど",educational,2025-07-27T19:00:00
2025-07-27,4,"これ見て震えた...

AI導入企業の収益が40%向上

調べてみたら本当でした😨

特にその理由と具体的データは衝撃的。

皆さんはどう思いますか？

#衝撃事実 #衝撃 #マジで",viral,2025-07-27T21:00:00
2025-07-27,5,"{question}

同じ悩みを持つ方、一緒に解決しませんか？

実は{solution_hint}があるんです。

詳しく知りたい方はDMください💌

#無料配布 #相談 #解決法",cta,2025-07-27T23:00:00
2025-07-28,1,"知らないと損する{topic}の真実

多くの人が勘違いしていること：
❌ {misconception}
✅ 正解：{truth}

実際に試してみると{result}でした。

#効率化 #豆知識 #なるほど",educational,2025-07-28T08:00:00
2025-07-28,6,"【1時間で習得】副業準備入門

初心者が最初に覚えるべきは：
✅ 基本概念を理解する
✅ 実践的な手順を覚える
✅ 継続的な改善を行う

これだけで確実に成果を出すできます。

詳しい手順はコメントで質問してください📝

#効率化 #学び #スキルアップ",educational,2025-07-28T08:00:00
2025-07-28,2,"これ見て震えた...

副業年収500万円の人が急増中

調べてみたら本当でした😨

特にその理由と具体的データは衝撃的。

皆さんはどう思いますか？

#衝撃事実 #衝撃 #マジで",viral,2025-07-28T12:00:00
2025-07-28,3,"知らないと損する{topic}の真実

多くの人が勘違いしていること：
❌ {misconception}
✅ 正解：{truth}

実際に試してみると{result}でした。

#効率化 #豆知識 #なるほど",educational,2025-07-28T19:00:00
2025-07-28,4,"これ見て震えた...

AI導入企業の収益が40%向上

調べてみたら本当でした😨

特にその理由と具体的データは衝撃的。

皆さんはどう思いますか？

#衝撃事実 #衝撃 #マジで",viral,2025-07-28T21:00:00
2025-07-28,5,"{question}

同じ悩みを持つ方、一緒に解決しませんか？

実は{solution_hint}があるんです。

詳しく知りたい方はDMください💌

#無料配布 #相談 #解決法",cta,2025-07-28T23:00:00
